Timestamp,Temperature,Humidity,Motion,Sound_RMS,Sound_dB,Acoustic_Category,BLE_Count,Occupancy_Status
2026-05-19 16:03:06,0.0,0.0,0,0.001157,41.3,"Unknown",1,"Static Low (Quiet Study)"
2026-05-19 16:03:13,0.0,0.0,1,0.006784,56.6,"Unknown",1,"Dynamic Low"
2026-05-19 16:03:19,23.5,52.0,0,0.006789,56.6,"Unknown",1,"Static Low (Quiet Study)"
2026-05-19 16:03:25,23.5,52.0,0,0.000423,32.5,"Unknown",1,"Static Low (Quiet Study)"
2026-05-19 16:03:31,23.5,52.0,0,0.001551,43.8,"Deep Focus",1,"Static Low (Quiet Study)"
2026-05-19 16:03:38,23.5,52.0,1,0.000531,34.5,"Deep Focus",1,"Dynamic Low"
2026-05-19 16:03:44,23.5,53.0,0,0.001203,41.6,"Deep Focus",1,"Static Low (Quiet Study)"
2026-05-19 16:03:50,23.5,53.0,0,0.000386,31.7,"Deep Focus",1,"Static Low (Quiet Study)"
2026-05-19 16:03:56,23.5,53.0,0,0.001323,42.4,"Deep Focus",1,"Static Low (Quiet Study)"
2026-05-19 16:04:02,23.5,53.0,1,0.003271,50.3,"Deep Focus",1,"Dynamic Low"
2026-05-19 16:04:09,23.5,53.0,0,0.001201,41.6,"Deep Focus",1,"Static Low (Quiet Study)"
2026-05-19 16:04:15,23.5,53.0,0,0.000562,35.0,"Deep Focus",1,"Static Low (Quiet Study)"
2026-05-19 16:04:21,23.5,53.0,0,0.015830,64.0,"Deep Focus",1,"Static Low (Quiet Study)"
2026-05-19 16:04:27,23.4,53.0,1,0.000367,31.3,"Deep Focus",1,"Dynamic Low"
2026-05-19 16:04:32,23.4,53.0,0,0.000369,31.3,"Deep Focus",1,"Static Low (Quiet Study)"
2026-05-19 16:04:39,23.5,53.0,0,0.000257,28.2,"Deep Focus",1,"Static Low (Quiet Study)"
2026-05-19 16:04:45,23.5,53.0,0,0.000284,29.1,"Deep Focus",1,"Static Low (Quiet Study)"
2026-05-19 16:04:51,23.5,53.0,1,0.002261,47.1,"Deep Focus",1,"Dynamic Low"
2026-05-19 16:04:57,23.5,53.0,0,0.003099,49.8,"Deep Focus",1,"Static Low (Quiet Study)"
2026-05-19 16:05:03,23.5,53.0,0,0.002963,49.4,"Deep Focus",1,"Static Low (Quiet Study)"
2026-05-19 16:05:10,23.5,53.0,1,0.001384,42.8,"Deep Focus",1,"Dynamic Low"
2026-05-19 16:05:16,23.6,53.0,0,0.000349,30.9,"Deep Focus",1,"Static Low (Quiet Study)"
2026-05-19 16:05:22,23.6,53.0,1,0.001038,40.3,"Deep Focus",1,"Dynamic Low"
2026-05-19 16:05:28,23.6,53.0,1,0.006272,55.9,"Deep Focus",1,"Dynamic Low"
2026-05-19 16:05:34,23.7,53.0,0,0.001015,40.1,"Deep Focus",1,"Static Low (Quiet Study)"
2026-05-19 16:05:41,23.6,53.0,0,0.003000,49.5,"Deep Focus",1,"Static Low (Quiet Study)"
2026-05-19 16:05:47,23.6,53.0,0,0.000607,35.7,"Deep Focus",1,"Static Low (Quiet Study)"
2026-05-19 16:05:53,23.6,53.0,0,0.008977,59.1,"Deep Focus",1,"Static Low (Quiet Study)"
2026-05-19 16:05:59,23.6,53.0,1,0.007665,57.7,"Deep Focus",1,"Dynamic Low"
2026-05-19 16:06:06,23.6,53.0,1,0.001519,43.6,"Deep Focus",1,"Dynamic Low"
2026-05-19 16:06:12,23.6,53.0,0,0.002280,47.2,"Deep Focus",1,"Static Low (Quiet Study)"
2026-05-19 16:06:18,23.6,53.0,0,0.000503,34.0,"Deep Focus",1,"Static Low (Quiet Study)"
2026-05-19 16:06:24,23.6,53.0,1,0.004405,52.9,"Deep Focus",1,"Dynamic Low"
2026-05-19 16:06:30,23.6,53.0,0,0.000404,32.1,"Deep Focus",1,"Static Low (Quiet Study)"
2026-05-19 16:06:37,23.6,53.0,0,0.004465,53.0,"Deep Focus",1,"Static Low (Quiet Study)"
2026-05-19 16:06:43,23.6,53.0,0,0.013633,62.7,"Deep Focus",1,"Static Low (Quiet Study)"
2026-05-19 16:06:49,23.6,53.0,1,0.000367,31.3,"Deep Focus",1,"Dynamic Low"
2026-05-19 16:06:55,23.6,53.0,0,0.000866,38.7,"Deep Focus",1,"Static Low (Quiet Study)"
2026-05-19 16:07:01,23.6,53.0,0,0.011454,61.2,"Deep Focus",1,"Static Low (Quiet Study)"
2026-05-19 16:07:08,23.6,53.0,0,0.000603,35.6,"Deep Focus",1,"Static Low (Quiet Study)"
2026-05-19 16:07:14,23.6,52.0,0,0.004683,53.4,"Deep Focus",1,"Static Low (Quiet Study)"
2026-05-19 16:07:20,23.6,52.0,0,0.001602,44.1,"Deep Focus",1,"Static Low (Quiet Study)"
2026-05-19 16:07:26,23.6,52.0,0,0.000370,31.4,"Deep Focus",1,"Static Low (Quiet Study)"
2026-05-19 16:07:32,23.6,52.0,1,0.007865,57.9,"Deep Focus",1,"Dynamic Low"
2026-05-19 16:07:39,23.6,52.0,0,0.000400,32.0,"Deep Focus",1,"Static Low (Quiet Study)"
2026-05-19 16:07:45,23.6,53.0,0,0.001804,45.1,"Deep Focus",1,"Static Low (Quiet Study)"
2026-05-19 16:07:51,23.6,53.0,0,0.000473,33.5,"Deep Focus",1,"Static Low (Quiet Study)"
2026-05-19 16:07:57,23.6,53.0,1,0.004791,53.6,"Deep Focus",1,"Dynamic Low"
2026-05-19 16:08:03,23.6,52.0,0,0.001243,41.9,"Deep Focus",1,"Static Low (Quiet Study)"
2026-05-19 16:08:10,23.6,52.0,0,0.003681,51.3,"Deep Focus",1,"Static Low (Quiet Study)"
2026-05-19 16:08:16,23.7,53.0,0,0.000590,35.4,"Deep Focus",1,"Static Low (Quiet Study)"
2026-05-19 16:08:22,23.7,53.0,1,0.002341,47.4,"Deep Focus",1,"Dynamic Low"
2026-05-19 16:08:28,23.7,52.0,0,0.000346,30.8,"Deep Focus",1,"Static Low (Quiet Study)"
2026-05-19 16:08:35,23.7,52.0,0,0.000324,30.2,"Deep Focus",1,"Static Low (Quiet Study)"
2026-05-19 16:08:41,23.7,52.0,1,0.000328,30.3,"Deep Focus",1,"Dynamic Low"
2026-05-19 16:08:47,23.7,52.0,0,0.002877,49.2,"Deep Focus",1,"Static Low (Quiet Study)"
2026-05-19 16:08:53,23.7,52.0,1,0.003151,50.0,"Deep Focus",1,"Dynamic Low"
2026-05-19 16:08:59,23.7,52.0,0,0.003635,51.2,"Deep Focus",1,"Static Low (Quiet Study)"
2026-05-19 16:09:06,23.7,52.0,0,0.011776,61.4,"Deep Focus",1,"Static Low (Quiet Study)"
2026-05-19 16:09:12,23.7,53.0,0,0.001533,43.7,"Deep Focus",1,"Static Low (Quiet Study)"
2026-05-19 16:09:18,23.8,53.0,0,0.003136,49.9,"Deep Focus",1,"Static Low (Quiet Study)"
2026-05-19 16:09:24,23.8,53.0,1,0.001323,42.4,"Deep Focus",1,"Dynamic Low"
2026-05-19 16:09:30,23.8,53.0,0,0.004353,52.8,"Deep Focus",1,"Static Low (Quiet Study)"
2026-05-19 16:09:37,23.8,53.0,0,0.025636,68.2,"Deep Focus",1,"Static Low (Quiet Study)"
2026-05-19 16:09:43,23.7,53.0,0,0.007369,57.3,"Deep Focus",1,"Static Low (Quiet Study)"
2026-05-19 16:09:49,23.7,53.0,0,0.000306,29.7,"Deep Focus",1,"Static Low (Quiet Study)"
2026-05-19 16:09:55,23.8,54.0,0,0.018153,65.2,"Deep Focus",1,"Static Low (Quiet Study)"
2026-05-19 16:10:01,23.8,54.0,0,0.014299,63.1,"Deep Focus",1,"Static Low (Quiet Study)"
2026-05-19 16:10:08,23.8,54.0,0,0.002053,46.2,"Deep Focus",1,"Static Low (Quiet Study)"
2026-05-19 16:10:14,23.8,54.0,0,0.004297,52.7,"Deep Focus",1,"Static Low (Quiet Study)"
2026-05-19 16:10:20,23.9,53.0,1,0.018977,65.6,"Deep Focus",1,"Dynamic Low"
2026-05-19 16:10:26,23.9,52.0,0,0.001713,44.7,"Deep Focus",1,"Static Low (Quiet Study)"
2026-05-19 16:10:33,23.9,52.0,0,0.002195,46.8,"Deep Focus",1,"Static Low (Quiet Study)"
2026-05-19 16:10:39,23.9,52.0,1,0.013621,62.7,"Deep Focus",1,"Dynamic Low"
2026-05-19 16:10:45,23.8,52.0,1,0.009401,59.5,"Deep Focus",1,"Dynamic Low"
2026-05-19 16:10:51,23.9,52.0,0,0.009276,59.3,"Deep Focus",1,"Static Low (Quiet Study)"
2026-05-19 16:10:57,23.9,52.0,1,0.001072,40.6,"Deep Focus",1,"Dynamic Low"
2026-05-19 16:11:04,23.9,52.0,1,0.001576,44.0,"Deep Focus",1,"Dynamic Low"
2026-05-19 16:11:10,23.9,52.0,0,0.000414,32.3,"Deep Focus",1,"Static Low (Quiet Study)"
2026-05-19 16:11:16,23.9,52.0,0,0.001026,40.2,"Deep Focus",1,"Static Low (Quiet Study)"
2026-05-19 16:11:22,23.9,52.0,0,0.000459,33.2,"Deep Focus",1,"Static Low (Quiet Study)"
2026-05-19 16:11:28,23.8,52.0,1,0.000864,38.7,"Deep Focus",1,"Dynamic Low"
2026-05-19 16:11:35,23.8,52.0,1,0.000372,31.4,"Deep Focus",1,"Dynamic Low"
2026-05-19 16:11:41,23.9,52.0,0,0.000429,32.6,"Deep Focus",1,"Static Low (Quiet Study)"
2026-05-19 16:11:47,23.9,52.0,0,0.000922,39.3,"Deep Focus",1,"Static Low (Quiet Study)"
2026-05-19 16:11:53,23.9,52.0,0,0.000409,32.2,"Deep Focus",1,"Static Low (Quiet Study)"
2026-05-19 16:11:59,23.8,52.0,0,0.000582,35.3,"Deep Focus",1,"Static Low (Quiet Study)"
2026-05-19 16:12:06,23.8,52.0,0,0.002502,48.0,"Deep Focus",1,"Static Low (Quiet Study)"
2026-05-19 16:12:12,23.8,52.0,0,0.003737,51.4,"Deep Focus",1,"Static Low (Quiet Study)"
2026-05-19 16:12:18,23.8,52.0,1,0.008215,58.3,"Deep Focus",1,"Dynamic Low"
2026-05-19 16:12:24,23.7,52.0,1,0.001292,42.2,"Deep Focus",1,"Dynamic Low"
2026-05-19 16:12:30,23.7,52.0,0,0.001006,40.1,"Deep Focus",1,"Static Low (Quiet Study)"
2026-05-19 16:12:37,23.7,52.0,0,0.000404,32.1,"Deep Focus",1,"Static Low (Quiet Study)"
2026-05-19 16:12:43,23.7,52.0,0,0.012476,61.9,"Deep Focus",1,"Static Low (Quiet Study)"
2026-05-19 16:12:49,23.6,52.0,1,0.004950,53.9,"Deep Focus",1,"Dynamic Low"
2026-05-19 16:12:55,23.6,53.0,0,0.002753,48.8,"Deep Focus",1,"Static Low (Quiet Study)"
2026-05-19 16:13:02,23.6,53.0,0,0.000607,35.7,"Deep Focus",1,"Static Low (Quiet Study)"
2026-05-19 16:13:08,23.6,53.0,0,0.000325,30.2,"Deep Focus",1,"Static Low (Quiet Study)"
2026-05-19 16:13:14,23.5,53.0,1,0.000854,38.6,"Deep Focus",1,"Dynamic Low"
2026-05-19 16:13:20,23.5,53.0,0,0.005955,55.5,"Deep Focus",1,"Static Low (Quiet Study)"
2026-05-19 16:13:26,23.5,53.0,0,0.005248,54.4,"Deep Focus",1,"Static Low (Quiet Study)"
2026-05-19 16:13:33,23.5,53.0,0,0.006837,56.7,"Deep Focus",1,"Static Low (Quiet Study)"
2026-05-19 16:13:39,23.5,54.0,1,0.000859,38.7,"Deep Focus",1,"Dynamic Low"
2026-05-19 16:13:45,23.5,55.0,1,0.013353,62.5,"Deep Focus",1,"Dynamic Low"
2026-05-19 16:13:51,23.6,55.0,0,0.000960,39.6,"Deep Focus",1,"Static Low (Quiet Study)"
2026-05-19 16:13:57,23.6,54.0,0,0.003030,49.6,"Deep Focus",1,"Static Low (Quiet Study)"
2026-05-19 16:14:04,23.6,53.0,1,0.012824,62.2,"Deep Focus",1,"Dynamic Low"
2026-05-19 16:14:10,23.6,53.0,0,0.001206,41.6,"Deep Focus",1,"Static Low (Quiet Study)"
2026-05-19 16:14:16,23.6,53.0,0,0.001706,44.6,"Deep Focus",1,"Static Low (Quiet Study)"
2026-05-19 16:14:22,23.6,53.0,0,0.000489,33.8,"Deep Focus",1,"Static Low (Quiet Study)"
2026-05-19 16:14:28,23.6,53.0,1,0.002572,48.2,"Deep Focus",1,"Dynamic Low"
2026-05-19 16:14:35,23.6,53.0,0,0.002953,49.4,"Deep Focus",1,"Static Low (Quiet Study)"
2026-05-19 16:14:41,23.7,54.0,0,0.001796,45.1,"Deep Focus",1,"Static Low (Quiet Study)"
2026-05-19 16:14:47,23.7,54.0,1,0.011981,61.6,"Deep Focus",1,"Dynamic Low"
2026-05-19 16:14:53,23.7,54.0,0,0.000461,33.3,"Deep Focus",1,"Static Low (Quiet Study)"
2026-05-19 16:14:59,23.6,53.0,0,0.000687,36.7,"Deep Focus",1,"Static Low (Quiet Study)"
2026-05-19 16:15:06,23.7,53.0,0,0.000367,31.3,"Deep Focus",1,"Static Low (Quiet Study)"
2026-05-19 16:15:12,23.7,53.0,1,0.007065,57.0,"Deep Focus",1,"Dynamic Low"
2026-05-19 16:15:18,23.7,53.0,0,0.000369,31.3,"Deep Focus",1,"Static Low (Quiet Study)"
2026-05-19 16:15:24,23.7,53.0,0,0.008484,58.6,"Deep Focus",1,"Static Low (Quiet Study)"
2026-05-19 16:15:31,23.7,53.0,1,0.000198,25.9,"Deep Focus",1,"Dynamic Low"
2026-05-19 16:15:37,23.6,53.0,0,0.000591,35.4,"Deep Focus",1,"Static Low (Quiet Study)"
2026-05-19 16:15:43,23.6,53.0,0,0.000370,31.4,"Deep Focus",1,"Static Low (Quiet Study)"
2026-05-19 16:15:49,23.6,53.0,0,0.009577,59.6,"Deep Focus",1,"Static Low (Quiet Study)"
2026-05-19 16:15:55,23.6,53.0,0,0.004468,53.0,"Deep Focus",1,"Static Low (Quiet Study)"
2026-05-19 16:16:02,23.6,53.0,0,0.002545,48.1,"Deep Focus",1,"Static Low (Quiet Study)"
2026-05-19 16:16:08,23.6,53.0,0,0.003116,49.9,"Deep Focus",1,"Static Low (Quiet Study)"
2026-05-19 16:16:14,23.6,53.0,1,0.005690,55.1,"Deep Focus",1,"Dynamic Low"
2026-05-19 16:16:20,23.7,53.0,0,0.001802,45.1,"Deep Focus",1,"Static Low (Quiet Study)"
2026-05-19 16:16:26,23.7,53.0,0,0.007469,57.5,"Deep Focus",1,"Static Low (Quiet Study)"
2026-05-19 16:16:33,23.7,53.0,0,0.002938,49.4,"Deep Focus",1,"Static Low (Quiet Study)"
2026-05-19 16:16:39,23.7,53.0,1,0.007656,57.7,"Deep Focus",1,"Dynamic Low"
2026-05-19 16:16:45,23.7,53.0,1,0.010394,60.3,"Deep Focus",1,"Dynamic Low"
2026-05-19 16:16:51,23.7,53.0,0,0.000371,31.4,"Deep Focus",1,"Static Low (Quiet Study)"
2026-05-19 16:16:57,23.7,53.0,0,0.015979,64.1,"Deep Focus",1,"Static Low (Quiet Study)"
2026-05-19 16:17:04,23.7,53.0,1,0.005716,55.1,"Deep Focus",1,"Dynamic Low"
2026-05-19 16:17:10,23.7,53.0,0,0.001355,42.6,"Deep Focus",1,"Static Low (Quiet Study)"
2026-05-19 16:17:16,23.7,53.0,0,0.006614,56.4,"Deep Focus",1,"Static Low (Quiet Study)"
2026-05-19 16:17:22,23.7,53.0,1,0.011141,60.9,"Deep Focus",1,"Dynamic Low"
2026-05-19 16:17:29,23.7,53.0,0,0.000614,35.8,"Deep Focus",1,"Static Low (Quiet Study)"
2026-05-19 16:17:35,23.7,53.0,0,0.008659,58.7,"Deep Focus",1,"Static Low (Quiet Study)"
2026-05-19 16:17:41,23.7,53.0,0,0.005517,54.8,"Deep Focus",1,"Static Low (Quiet Study)"
2026-05-19 16:17:47,23.7,53.0,0,0.000500,34.0,"Deep Focus",1,"Static Low (Quiet Study)"
2026-05-19 16:17:53,23.7,53.0,0,0.000308,29.8,"Deep Focus",1,"Static Low (Quiet Study)"
2026-05-19 16:18:00,23.7,53.0,0,0.000245,27.8,"Deep Focus",1,"Static Low (Quiet Study)"
2026-05-19 16:18:06,23.7,53.0,0,0.000350,30.9,"Deep Focus",1,"Static Low (Quiet Study)"
2026-05-19 16:18:12,23.7,53.0,0,0.000260,28.3,"Deep Focus",1,"Static Low (Quiet Study)"
2026-05-19 16:18:18,23.7,53.0,1,0.002188,46.8,"Deep Focus",1,"Dynamic Low"
2026-05-19 16:18:24,23.7,53.0,1,0.003332,50.5,"Deep Focus",1,"Dynamic Low"
2026-05-19 16:18:31,23.7,53.0,0,0.010334,60.3,"Deep Focus",1,"Static Low (Quiet Study)"
2026-05-19 16:18:37,23.7,53.0,0,0.010101,60.1,"Deep Focus",1,"Static Low (Quiet Study)"
2026-05-19 16:18:43,23.7,53.0,0,0.007893,57.9,"Deep Focus",1,"Static Low (Quiet Study)"
2026-05-19 16:18:49,23.7,53.0,1,0.010706,60.6,"Deep Focus",1,"Dynamic Low"
2026-05-19 16:18:55,23.7,53.0,0,0.003724,51.4,"Deep Focus",1,"Static Low (Quiet Study)"
2026-05-19 16:19:02,23.7,53.0,0,0.004639,53.3,"Deep Focus",1,"Static Low (Quiet Study)"
2026-05-19 16:19:08,23.7,53.0,1,0.001012,40.1,"Deep Focus",1,"Dynamic Low"
2026-05-19 16:19:14,23.7,53.0,0,0.000485,33.7,"Deep Focus",1,"Static Low (Quiet Study)"
2026-05-19 16:19:20,23.7,53.0,0,0.000316,30.0,"Deep Focus",1,"Static Low (Quiet Study)"
2026-05-19 16:19:26,23.7,53.0,0,0.004489,53.0,"Deep Focus",1,"Static Low (Quiet Study)"
2026-05-19 16:19:33,23.7,53.0,0,0.017263,64.7,"Deep Focus",1,"Static Low (Quiet Study)"
2026-05-19 16:19:39,23.7,53.0,0,0.007698,57.7,"Deep Focus",1,"Static Low (Quiet Study)"
2026-05-19 16:19:45,23.8,53.0,0,0.007810,57.9,"Deep Focus",1,"Static Low (Quiet Study)"
2026-05-19 16:19:51,23.7,53.0,1,0.001098,40.8,"Deep Focus",1,"Dynamic Low"
2026-05-19 16:19:58,23.8,53.0,0,0.000921,39.3,"Deep Focus",1,"Static Low (Quiet Study)"
2026-05-19 16:20:04,23.8,53.0,0,0.012698,62.1,"Deep Focus",1,"Static Low (Quiet Study)"
2026-05-19 16:20:10,23.8,53.0,0,0.031580,70.0,"Deep Focus",1,"Static Low (Quiet Study)"
2026-05-19 16:20:16,23.8,53.0,1,nan,0.0,"BGM",1,"Dynamic Low"
2026-05-19 16:20:22,23.8,53.0,0,0.017987,65.1,"BGM",1,"Static Low (Quiet Study)"
2026-05-19 16:20:29,23.8,53.0,0,0.007083,57.0,"BGM",1,"Static Low (Quiet Study)"
2026-05-19 16:20:35,23.8,53.0,0,nan,0.0,"BGM",1,"Static Low (Quiet Study)"
2026-05-19 16:20:41,23.8,53.0,0,0.007950,58.0,"BGM",1,"Static Low (Quiet Study)"
2026-05-19 16:20:47,23.8,53.0,1,0.006576,56.4,"BGM",1,"Dynamic Low"
2026-05-19 16:20:53,23.8,53.0,0,0.004896,53.8,"BGM",1,"Static Low (Quiet Study)"
2026-05-19 16:21:00,23.8,54.0,0,0.001271,42.1,"BGM",1,"Static Low (Quiet Study)"
2026-05-19 16:21:06,23.8,54.0,0,0.013337,62.5,"BGM",1,"Static Low (Quiet Study)"
2026-05-19 16:21:12,23.8,54.0,1,0.007299,57.3,"BGM",1,"Dynamic Low"
2026-05-19 16:21:18,23.8,54.0,1,0.004475,53.0,"BGM",1,"Dynamic Low"
2026-05-19 16:21:24,23.8,53.0,0,0.000413,32.3,"BGM",1,"Static Low (Quiet Study)"
2026-05-19 16:21:31,23.8,53.0,0,0.007359,57.3,"BGM",1,"Static Low (Quiet Study)"
2026-05-19 16:21:37,23.8,53.0,0,0.041348,72.3,"Deep Focus",1,"Static Low (Quiet Study)"
2026-05-19 16:21:43,23.8,53.0,0,0.040814,72.2,"Deep Focus",1,"Static Low (Quiet Study)"
2026-05-19 16:21:49,23.8,53.0,1,0.004363,52.8,"Deep Focus",1,"Dynamic Low"
2026-05-19 16:21:55,23.8,53.0,1,0.002130,46.6,"Deep Focus",1,"Dynamic Low"
2026-05-19 16:22:02,23.8,53.0,0,0.004233,52.5,"Deep Focus",1,"Static Low (Quiet Study)"
2026-05-19 16:22:08,23.8,53.0,0,0.004879,53.8,"Deep Focus",1,"Static Low (Quiet Study)"
2026-05-19 16:22:14,23.8,53.0,0,0.001769,45.0,"Deep Focus",1,"Static Low (Quiet Study)"
2026-05-19 16:22:20,23.8,53.0,0,0.000251,28.0,"Deep Focus",1,"Static Low (Quiet Study)"
2026-05-19 16:22:27,23.8,53.0,1,0.000382,31.6,"Deep Focus",1,"Dynamic Low"
2026-05-19 16:22:33,23.8,54.0,0,0.002909,49.3,"Deep Focus",1,"Static Low (Quiet Study)"
2026-05-19 16:22:39,23.8,54.0,0,0.000535,34.6,"Deep Focus",1,"Static Low (Quiet Study)"
2026-05-19 16:22:45,23.8,53.0,1,0.001049,40.4,"Deep Focus",1,"Dynamic Low"
2026-05-19 16:22:51,23.8,53.0,1,0.007968,58.0,"Deep Focus",1,"Dynamic Low"
2026-05-19 16:22:58,23.8,53.0,0,0.000383,31.7,"Deep Focus",1,"Static Low (Quiet Study)"
2026-05-19 16:23:04,23.8,53.0,0,0.002200,46.8,"Deep Focus",1,"Static Low (Quiet Study)"
2026-05-19 16:23:10,23.8,53.0,0,0.001634,44.3,"Deep Focus",1,"Static Low (Quiet Study)"
2026-05-19 16:23:16,23.8,53.0,0,0.006160,55.8,"Deep Focus",1,"Static Low (Quiet Study)"
2026-05-19 16:23:22,23.8,53.0,1,0.000251,28.0,"Deep Focus",1,"Dynamic Low"
2026-05-19 16:23:29,23.8,53.0,0,0.004350,52.8,"Deep Focus",1,"Static Low (Quiet Study)"
2026-05-19 16:23:35,23.8,53.0,1,0.005102,54.2,"Deep Focus",1,"Dynamic Low"
2026-05-19 16:23:41,23.8,53.0,0,0.003267,50.3,"Deep Focus",1,"Static Low (Quiet Study)"
2026-05-19 16:23:47,23.8,53.0,0,0.010846,60.7,"Deep Focus",1,"Static Low (Quiet Study)"
2026-05-19 16:23:53,23.8,53.0,1,0.005586,54.9,"Deep Focus",1,"Dynamic Low"
2026-05-19 16:24:00,23.8,53.0,0,0.017160,64.7,"Deep Focus",1,"Static Low (Quiet Study)"
2026-05-19 16:24:06,23.8,53.0,0,0.002447,47.8,"Deep Focus",1,"Static Low (Quiet Study)"
2026-05-19 16:24:12,23.8,53.0,0,0.001222,41.7,"Deep Focus",1,"Static Low (Quiet Study)"
2026-05-19 16:24:18,23.8,53.0,1,0.001428,43.1,"Deep Focus",1,"Dynamic Low"
2026-05-19 16:24:24,23.8,53.0,1,0.004102,52.3,"Deep Focus",1,"Dynamic Low"
2026-05-19 16:24:31,23.8,53.0,0,0.003039,49.7,"Deep Focus",1,"Static Low (Quiet Study)"
2026-05-19 16:24:37,23.8,53.0,0,0.007036,56.9,"Deep Focus",1,"Static Low (Quiet Study)"
2026-05-19 16:24:43,23.8,53.0,1,0.002592,48.3,"Deep Focus",1,"Dynamic Low"
2026-05-19 16:24:49,23.8,53.0,0,0.002992,49.5,"Deep Focus",1,"Static Low (Quiet Study)"
2026-05-19 16:24:56,23.8,52.0,0,0.012660,62.0,"Deep Focus",1,"Static Low (Quiet Study)"
2026-05-19 16:25:02,23.8,52.0,0,0.025852,68.2,"Deep Focus",1,"Static Low (Quiet Study)"
2026-05-19 16:25:08,23.8,52.0,0,0.008718,58.8,"Deep Focus",1,"Static Low (Quiet Study)"
2026-05-19 16:25:14,23.8,52.0,0,0.004346,52.8,"Deep Focus",1,"Static Low (Quiet Study)"
2026-05-19 16:25:20,23.8,52.0,1,0.001614,44.2,"Deep Focus",1,"Dynamic Low"
2026-05-19 16:25:27,23.8,52.0,1,0.004134,52.3,"Deep Focus",1,"Dynamic Low"
2026-05-19 16:25:33,23.8,52.0,0,0.000358,31.1,"Deep Focus",1,"Static Low (Quiet Study)"
2026-05-19 16:25:39,23.8,52.0,0,0.000345,30.8,"Deep Focus",1,"Static Low (Quiet Study)"
2026-05-19 16:25:45,23.8,52.0,1,0.000497,33.9,"Deep Focus",1,"Dynamic Low"
2026-05-19 16:25:51,23.8,52.0,0,0.000457,33.2,"Deep Focus",1,"Static Low (Quiet Study)"
2026-05-19 16:25:58,23.8,52.0,0,0.005666,55.1,"Deep Focus",1,"Static Low (Quiet Study)"
2026-05-19 16:26:04,23.8,52.0,0,0.000438,32.8,"Deep Focus",1,"Static Low (Quiet Study)"
2026-05-19 16:26:10,23.8,52.0,1,0.000307,29.7,"Deep Focus",1,"Dynamic Low"
2026-05-19 16:26:16,23.8,52.0,0,0.000532,34.5,"Deep Focus",1,"Static Low (Quiet Study)"
2026-05-19 16:26:22,23.8,52.0,0,0.009335,59.4,"Deep Focus",1,"Static Low (Quiet Study)"
2026-05-19 16:26:29,23.8,52.0,1,0.004220,52.5,"Deep Focus",1,"Dynamic Low"
2026-05-19 16:26:35,23.8,52.0,1,0.008029,58.1,"Deep Focus",1,"Dynamic Low"
2026-05-19 16:26:41,23.8,52.0,0,0.001997,46.0,"Deep Focus",1,"Static Low (Quiet Study)"
2026-05-19 16:26:47,23.8,52.0,0,0.000282,29.0,"Deep Focus",1,"Static Low (Quiet Study)"
2026-05-19 16:26:53,23.8,52.0,1,0.003260,50.3,"Deep Focus",1,"Dynamic Low"
2026-05-19 16:27:00,23.8,52.0,0,0.010524,60.4,"Deep Focus",1,"Static Low (Quiet Study)"
2026-05-19 16:27:06,23.8,52.0,0,0.000620,35.9,"Deep Focus",1,"Static Low (Quiet Study)"
2026-05-19 16:27:12,23.8,52.0,0,0.005991,55.6,"Deep Focus",1,"Static Low (Quiet Study)"
2026-05-19 16:27:18,23.8,52.0,1,0.000722,37.2,"Deep Focus",1,"Dynamic Low"
2026-05-19 16:27:25,23.8,52.0,1,0.000492,33.8,"Deep Focus",1,"Dynamic Low"
2026-05-19 16:27:31,23.8,52.0,0,0.000412,32.3,"Deep Focus",1,"Static Low (Quiet Study)"
2026-05-19 16:27:37,23.8,53.0,0,0.008137,58.2,"Deep Focus",1,"Static Low (Quiet Study)"
2026-05-19 16:27:43,23.8,53.0,1,0.000339,30.6,"Deep Focus",1,"Dynamic Low"
2026-05-19 16:27:49,23.8,53.0,0,0.000428,32.6,"Deep Focus",1,"Static Low (Quiet Study)"
2026-05-19 16:27:56,23.8,53.0,0,0.006105,55.7,"Deep Focus",1,"Static Low (Quiet Study)"
2026-05-19 16:28:02,23.8,53.0,0,0.006589,56.4,"Deep Focus",1,"Static Low (Quiet Study)"
2026-05-19 16:28:08,23.8,52.0,1,0.004381,52.8,"Deep Focus",1,"Dynamic Low"
2026-05-19 16:28:14,23.8,52.0,0,0.000283,29.0,"Deep Focus",1,"Static Low (Quiet Study)"
2026-05-19 16:28:20,23.8,52.0,0,0.005826,55.3,"Deep Focus",1,"Static Low (Quiet Study)"
2026-05-19 16:28:27,23.8,52.0,0,0.007234,57.2,"Deep Focus",1,"Static Low (Quiet Study)"
2026-05-19 16:28:33,23.8,52.0,0,0.000261,28.3,"Deep Focus",1,"Static Low (Quiet Study)"
2026-05-19 16:28:39,23.8,52.0,1,0.000240,27.6,"Deep Focus",1,"Dynamic Low"
2026-05-19 16:28:45,23.8,52.0,1,0.000375,31.5,"Deep Focus",1,"Dynamic Low"
2026-05-19 16:28:51,23.8,52.0,0,0.000317,30.0,"Deep Focus",1,"Static Low (Quiet Study)"
2026-05-19 16:28:58,23.8,52.0,0,0.006934,56.8,"Deep Focus",1,"Static Low (Quiet Study)"
2026-05-19 16:29:04,23.8,52.0,0,0.000521,34.3,"Deep Focus",1,"Static Low (Quiet Study)"
2026-05-19 16:29:10,23.8,52.0,1,0.000415,32.4,"Deep Focus",1,"Dynamic Low"
2026-05-19 16:29:16,23.8,52.0,0,0.004782,53.6,"Deep Focus",1,"Static Low (Quiet Study)"
2026-05-19 16:29:22,23.8,52.0,0,0.000338,30.6,"Deep Focus",1,"Static Low (Quiet Study)"
2026-05-19 16:29:29,23.8,52.0,0,0.031531,70.0,"Deep Focus",1,"Static Low (Quiet Study)"
2026-05-19 16:29:35,23.8,52.0,1,0.010803,60.7,"Deep Focus",1,"Dynamic Low"
2026-05-19 16:29:41,23.8,52.0,0,0.022535,67.1,"Deep Focus",1,"Static Low (Quiet Study)"
2026-05-19 16:29:47,23.7,52.0,0,0.014045,63.0,"Deep Focus",1,"Static Low (Quiet Study)"
2026-05-19 16:29:54,23.7,52.0,1,0.000615,35.8,"Deep Focus",1,"Dynamic Low"
2026-05-19 16:30:00,23.6,52.0,0,0.010761,60.6,"Deep Focus",1,"Static Low (Quiet Study)"
2026-05-19 16:30:06,23.6,52.0,0,0.002580,48.2,"Deep Focus",1,"Static Low (Quiet Study)"
2026-05-19 16:30:12,23.6,52.0,1,0.003918,51.9,"Deep Focus",1,"Dynamic Low"
2026-05-19 16:30:18,23.5,53.0,1,0.001964,45.9,"Deep Focus",1,"Dynamic Low"
2026-05-19 16:30:25,23.5,53.0,0,0.010398,60.3,"Deep Focus",1,"Static Low (Quiet Study)"
2026-05-19 16:30:31,23.5,53.0,0,0.018968,65.6,"Deep Focus",1,"Static Low (Quiet Study)"
2026-05-19 16:30:37,23.4,53.0,0,0.007372,57.4,"Deep Focus",1,"Static Low (Quiet Study)"
2026-05-19 16:30:43,23.4,53.0,1,0.000600,35.6,"Deep Focus",1,"Dynamic Low"
2026-05-19 16:30:49,23.4,53.0,0,0.002725,48.7,"Deep Focus",1,"Static Low (Quiet Study)"
2026-05-19 16:30:56,23.4,53.0,0,0.006077,55.7,"Deep Focus",1,"Static Low (Quiet Study)"
2026-05-19 16:31:02,23.4,53.0,0,0.000282,29.0,"Deep Focus",1,"Static Low (Quiet Study)"
2026-05-19 16:31:08,23.4,53.0,1,0.000342,30.7,"Deep Focus",1,"Dynamic Low"
2026-05-19 16:31:14,23.4,53.0,0,0.000413,32.3,"Deep Focus",1,"Static Low (Quiet Study)"
2026-05-19 16:31:20,23.3,53.0,0,0.028717,69.2,"Deep Focus",1,"Static Low (Quiet Study)"
2026-05-19 16:31:27,23.3,53.0,0,0.015673,63.9,"Deep Focus",1,"Static Low (Quiet Study)"
2026-05-19 16:31:33,23.4,53.0,0,0.041537,72.4,"Deep Focus",1,"Static Low (Quiet Study)"
2026-05-19 16:31:39,23.4,53.0,1,0.026186,68.4,"Deep Focus",1,"Dynamic Low"
2026-05-19 16:31:45,23.3,53.0,0,0.003612,51.2,"Deep Focus",1,"Static Low (Quiet Study)"
2026-05-19 16:31:51,23.4,53.0,0,0.001000,40.0,"Deep Focus",1,"Static Low (Quiet Study)"
2026-05-19 16:31:58,23.4,53.0,0,0.001380,42.8,"Deep Focus",1,"Static Low (Quiet Study)"
2026-05-19 16:32:04,23.4,53.0,0,0.002877,49.2,"Deep Focus",1,"Static Low (Quiet Study)"
2026-05-19 16:32:10,23.4,53.0,0,0.000728,37.2,"Deep Focus",1,"Static Low (Quiet Study)"
2026-05-19 16:32:16,23.4,53.0,1,0.009643,59.7,"Deep Focus",1,"Dynamic Low"
2026-05-19 16:32:23,23.4,53.0,0,0.005957,55.5,"Deep Focus",1,"Static Low (Quiet Study)"
2026-05-19 16:32:29,23.4,53.0,0,0.000258,28.2,"Deep Focus",1,"Static Low (Quiet Study)"
2026-05-19 16:32:35,23.4,53.0,0,0.009038,59.1,"Deep Focus",1,"Static Low (Quiet Study)"
2026-05-19 16:32:41,23.4,52.0,0,nan,0.0,"BGM",0,"Vacant"
2026-05-19 16:32:47,23.4,53.0,0,0.011648,61.3,"BGM",1,"Static Low (Quiet Study)"
2026-05-19 16:32:54,23.4,53.0,1,0.013978,62.9,"BGM",1,"Dynamic Low"
2026-05-19 16:33:00,23.4,53.0,0,0.008855,58.9,"BGM",1,"Static Low (Quiet Study)"
2026-05-19 16:33:06,23.4,53.0,0,0.002231,47.0,"BGM",1,"Static Low (Quiet Study)"
2026-05-19 16:33:12,23.4,52.0,0,0.000815,38.2,"BGM",1,"Static Low (Quiet Study)"
2026-05-19 16:33:18,23.4,52.0,0,0.000315,30.0,"BGM",1,"Static Low (Quiet Study)"
2026-05-19 16:33:25,23.4,52.0,1,0.000318,30.0,"BGM",1,"Dynamic Low"
2026-05-19 16:33:31,23.4,52.0,0,0.000224,27.0,"BGM",1,"Static Low (Quiet Study)"
2026-05-19 16:33:37,23.4,52.0,0,0.000903,39.1,"BGM",1,"Static Low (Quiet Study)"
2026-05-19 16:33:43,23.4,52.0,0,0.004064,52.2,"Deep Focus",1,"Static Low (Quiet Study)"
2026-05-19 16:33:49,23.4,52.0,1,0.002723,48.7,"Deep Focus",1,"Dynamic Low"
2026-05-19 16:33:56,23.4,52.0,1,0.001353,42.6,"Deep Focus",1,"Dynamic Low"
2026-05-19 16:34:02,23.4,52.0,0,0.000762,37.6,"Deep Focus",1,"Static Low (Quiet Study)"
2026-05-19 16:34:08,23.4,52.0,0,0.020038,66.0,"Deep Focus",1,"Static Low (Quiet Study)"
2026-05-19 16:34:14,23.4,52.0,0,0.001793,45.1,"Deep Focus",1,"Static Low (Quiet Study)"
2026-05-19 16:34:20,23.4,52.0,1,0.001604,44.1,"Deep Focus",1,"Dynamic Low"
2026-05-19 16:34:27,23.4,52.0,1,0.000393,31.9,"Deep Focus",1,"Dynamic Low"
2026-05-19 16:34:33,23.4,53.0,0,0.003297,50.4,"Deep Focus",1,"Static Low (Quiet Study)"
2026-05-19 16:34:39,23.4,52.0,0,0.000623,35.9,"Deep Focus",1,"Static Low (Quiet Study)"
2026-05-19 16:34:45,23.4,52.0,0,0.017373,64.8,"Deep Focus",1,"Static Low (Quiet Study)"
2026-05-19 16:34:52,23.4,52.0,0,0.012399,61.9,"Deep Focus",1,"Static Low (Quiet Study)"
2026-05-19 16:34:58,23.4,52.0,1,nan,0.0,"BGM",1,"Dynamic Low"
2026-05-19 16:35:04,23.4,52.0,0,0.009261,59.3,"BGM",1,"Static Low (Quiet Study)"
2026-05-19 16:35:10,23.4,52.0,0,0.023569,67.4,"BGM",1,"Static Low (Quiet Study)"
2026-05-19 16:35:16,23.4,52.0,0,nan,0.0,"BGM",1,"Static Low (Quiet Study)"
2026-05-19 16:35:23,23.4,52.0,1,nan,0.0,"BGM",1,"Dynamic Low"
2026-05-19 16:35:29,23.4,52.0,0,0.009197,59.3,"BGM",1,"Static Low (Quiet Study)"
2026-05-19 16:35:35,23.4,52.0,0,0.003506,50.9,"BGM",1,"Static Low (Quiet Study)"
2026-05-19 16:35:41,23.4,52.0,0,0.006153,55.8,"BGM",1,"Static Low (Quiet Study)"
2026-05-19 16:35:47,23.3,52.0,1,0.001785,45.0,"BGM",1,"Dynamic Low"
2026-05-19 16:35:54,23.4,52.0,0,0.000552,34.8,"BGM",1,"Static Low (Quiet Study)"
2026-05-19 16:36:00,23.3,52.0,0,0.012773,62.1,"BGM",1,"Static Low (Quiet Study)"
2026-05-19 16:36:06,23.3,52.0,0,0.005915,55.4,"BGM",1,"Static Low (Quiet Study)"
2026-05-19 16:36:12,23.3,52.0,1,nan,0.0,"BGM",1,"Dynamic Low"
2026-05-19 16:36:18,23.3,52.0,1,0.000252,28.0,"BGM",1,"Dynamic Low"
2026-05-19 16:36:25,23.3,52.0,0,0.022207,66.9,"BGM",1,"Static Low (Quiet Study)"
2026-05-19 16:36:31,23.2,52.0,0,0.004083,52.2,"BGM",1,"Static Low (Quiet Study)"
2026-05-19 16:36:37,23.2,52.0,0,0.010551,60.5,"BGM",1,"Static Low (Quiet Study)"
2026-05-19 16:36:43,23.3,52.0,1,0.001648,44.3,"BGM",1,"Dynamic Low"
2026-05-19 16:36:49,23.3,52.0,0,0.007562,57.6,"BGM",1,"Static Low (Quiet Study)"
2026-05-19 16:36:56,23.3,52.0,1,0.001189,41.5,"BGM",1,"Dynamic Low"
2026-05-19 16:37:02,23.3,52.0,0,0.004109,52.3,"BGM",1,"Static Low (Quiet Study)"
2026-05-19 16:37:08,23.3,53.0,0,0.009012,59.1,"BGM",1,"Static Low (Quiet Study)"
2026-05-19 16:37:14,23.2,53.0,0,0.000565,35.0,"Deep Focus",1,"Static Low (Quiet Study)"
2026-05-19 16:37:20,23.3,53.0,1,0.001372,42.7,"Deep Focus",1,"Dynamic Low"
2026-05-19 16:37:27,23.3,53.0,0,0.000327,30.3,"Deep Focus",1,"Static Low (Quiet Study)"
2026-05-19 16:37:33,23.3,53.0,0,0.000358,31.1,"Deep Focus",1,"Static Low (Quiet Study)"
2026-05-19 16:37:39,23.3,53.0,0,0.001454,43.3,"Deep Focus",1,"Static Low (Quiet Study)"
2026-05-19 16:37:45,23.2,54.0,1,0.016155,64.2,"Deep Focus",1,"Dynamic Low"
2026-05-19 16:37:52,23.2,54.0,0,0.000257,28.2,"Deep Focus",1,"Static Low (Quiet Study)"
2026-05-19 16:37:58,23.2,54.0,0,0.001246,41.9,"Deep Focus",1,"Static Low (Quiet Study)"
2026-05-19 16:38:04,23.3,54.0,0,0.000824,38.3,"Deep Focus",1,"Static Low (Quiet Study)"
2026-05-19 16:38:10,23.3,54.0,0,0.002340,47.4,"Deep Focus",1,"Static Low (Quiet Study)"
2026-05-19 16:38:16,23.3,54.0,1,0.004838,53.7,"Deep Focus",1,"Dynamic Low"
2026-05-19 16:38:23,23.3,54.0,1,0.029734,69.5,"Deep Focus",1,"Dynamic Low"
2026-05-19 16:38:29,23.3,54.0,1,0.006916,56.8,"Deep Focus",1,"Dynamic Low"
2026-05-19 16:38:35,23.4,53.0,0,0.000993,39.9,"Deep Focus",1,"Static Low (Quiet Study)"
2026-05-19 16:38:41,23.3,53.0,0,0.037470,71.5,"Deep Focus",1,"Static Low (Quiet Study)"
2026-05-19 16:38:47,23.4,53.0,1,0.011515,61.2,"Deep Focus",1,"Dynamic Low"
2026-05-19 16:38:54,23.4,53.0,1,0.033717,70.6,"Deep Focus",1,"Dynamic Low"
2026-05-19 16:39:00,23.4,53.0,0,0.005609,55.0,"Deep Focus",1,"Static Low (Quiet Study)"
2026-05-19 16:39:06,23.4,53.0,0,0.036652,71.3,"Deep Focus",1,"Static Low (Quiet Study)"
2026-05-19 16:39:12,23.4,53.0,0,0.007542,57.5,"Deep Focus",1,"Static Low (Quiet Study)"
2026-05-19 16:39:18,23.5,53.0,0,0.009360,59.4,"Deep Focus",1,"Static Low (Quiet Study)"
2026-05-19 16:39:25,23.5,53.0,1,0.035388,71.0,"Deep Focus",1,"Dynamic Low"
2026-05-19 16:39:31,23.5,53.0,0,0.002241,47.0,"Deep Focus",1,"Static Low (Quiet Study)"
2026-05-19 16:39:37,23.4,53.0,0,0.039635,72.0,"Deep Focus",1,"Static Low (Quiet Study)"
2026-05-19 16:39:43,23.4,53.0,0,0.028746,69.2,"Deep Focus",1,"Static Low (Quiet Study)"
2026-05-19 16:39:49,23.4,53.0,1,nan,0.0,"BGM",1,"Dynamic Low"
2026-05-19 16:39:56,23.5,53.0,0,0.004019,52.1,"BGM",1,"Static Low (Quiet Study)"
2026-05-19 16:40:02,23.5,53.0,0,0.001701,44.6,"BGM",1,"Static Low (Quiet Study)"
2026-05-19 16:40:08,23.5,53.0,0,0.000279,28.9,"BGM",1,"Static Low (Quiet Study)"
2026-05-19 16:40:14,23.5,53.0,1,0.027321,68.7,"BGM",1,"Dynamic Low"
2026-05-19 16:40:21,23.5,54.0,1,0.004540,53.1,"BGM",1,"Dynamic Low"
2026-05-19 16:40:27,23.5,54.0,0,0.013454,62.6,"BGM",1,"Static Low (Quiet Study)"
2026-05-19 16:40:33,23.5,54.0,0,0.009185,59.3,"BGM",1,"Static Low (Quiet Study)"
2026-05-19 16:40:39,23.5,54.0,0,0.006412,56.1,"BGM",1,"Static Low (Quiet Study)"
2026-05-19 16:40:45,23.6,54.0,1,0.007238,57.2,"BGM",1,"Dynamic Low"
2026-05-19 16:40:52,23.6,54.0,0,0.003245,50.2,"Deep Focus",1,"Static Low (Quiet Study)"
2026-05-19 16:40:58,23.6,54.0,0,0.008318,58.4,"Deep Focus",1,"Static Low (Quiet Study)"
2026-05-19 16:41:04,23.6,54.0,0,0.000794,38.0,"Deep Focus",1,"Static Low (Quiet Study)"
2026-05-19 16:41:10,23.6,54.0,0,0.044056,72.9,"Deep Focus",1,"Static Low (Quiet Study)"
2026-05-19 16:41:16,23.6,54.0,0,0.018052,65.1,"Deep Focus",1,"Static Low (Quiet Study)"
2026-05-19 16:41:23,23.6,54.0,1,0.000798,38.0,"Deep Focus",1,"Dynamic Low"
2026-05-19 16:41:29,23.6,54.0,1,0.002466,47.8,"Deep Focus",1,"Dynamic Low"
2026-05-19 16:41:35,23.6,54.0,0,0.001499,43.5,"Deep Focus",1,"Static Low (Quiet Study)"
2026-05-19 16:41:41,23.6,54.0,0,0.003173,50.0,"Deep Focus",1,"Static Low (Quiet Study)"
2026-05-19 16:41:47,23.7,55.0,0,0.028350,69.1,"Deep Focus",1,"Static Low (Quiet Study)"
2026-05-19 16:41:54,23.7,55.0,1,0.005553,54.9,"Deep Focus",1,"Dynamic Low"
2026-05-19 16:42:00,23.7,55.0,0,0.003735,51.4,"Deep Focus",1,"Static Low (Quiet Study)"
2026-05-19 16:42:06,23.7,55.0,0,0.001887,45.5,"Deep Focus",1,"Static Low (Quiet Study)"
2026-05-19 16:42:12,23.6,55.0,0,0.017455,64.8,"Deep Focus",1,"Static Low (Quiet Study)"
2026-05-19 16:42:18,23.7,55.0,1,0.004480,53.0,"Deep Focus",1,"Dynamic Low"
2026-05-19 16:42:25,23.7,55.0,0,0.025561,68.2,"Deep Focus",1,"Static Low (Quiet Study)"
2026-05-19 16:42:31,23.7,55.0,0,0.027291,68.7,"Deep Focus",1,"Static Low (Quiet Study)"
2026-05-19 16:42:37,23.7,56.0,0,nan,0.0,"BGM",1,"Static Low (Quiet Study)"
2026-05-19 16:42:43,23.7,56.0,1,0.003312,50.4,"BGM",1,"Dynamic Low"
2026-05-19 16:42:50,23.7,56.0,1,0.013815,62.8,"BGM",1,"Dynamic Low"
2026-05-19 16:42:56,23.7,56.0,0,0.002983,49.5,"BGM",1,"Static Low (Quiet Study)"
2026-05-19 16:43:02,23.7,56.0,0,0.029204,69.3,"BGM",1,"Static Low (Quiet Study)"
2026-05-19 16:43:08,23.7,56.0,0,0.003666,51.3,"BGM",1,"Static Low (Quiet Study)"
2026-05-19 16:43:14,23.8,56.0,0,0.002406,47.6,"BGM",1,"Static Low (Quiet Study)"
2026-05-19 16:43:21,23.8,56.0,1,0.015926,64.0,"BGM",1,"Dynamic Low"
2026-05-19 16:43:27,23.8,56.0,0,0.001496,43.5,"BGM",1,"Static Low (Quiet Study)"
2026-05-19 16:43:33,23.8,56.0,0,0.003390,50.6,"BGM",1,"Static Low (Quiet Study)"
2026-05-19 16:43:39,23.8,56.0,0,0.022199,66.9,"Deep Focus",1,"Static Low (Quiet Study)"
2026-05-19 16:43:45,23.8,56.0,1,0.024927,67.9,"Deep Focus",1,"Dynamic Low"
2026-05-19 16:43:52,23.8,56.0,0,0.000579,35.3,"Deep Focus",1,"Static Low (Quiet Study)"
2026-05-19 16:43:58,23.7,56.0,0,0.002688,48.6,"Deep Focus",1,"Static Low (Quiet Study)"
2026-05-19 16:44:04,23.8,56.0,0,0.027306,68.7,"Deep Focus",1,"Static Low (Quiet Study)"
2026-05-19 16:44:10,23.8,56.0,0,0.035134,70.9,"Deep Focus",1,"Static Low (Quiet Study)"
2026-05-19 16:44:16,23.8,56.0,1,0.016740,64.5,"Deep Focus",1,"Dynamic Low"
2026-05-19 16:44:23,23.8,56.0,0,0.001720,44.7,"Deep Focus",1,"Static Low (Quiet Study)"
2026-05-19 16:44:29,23.8,56.0,0,0.003037,49.6,"Deep Focus",1,"Static Low (Quiet Study)"
2026-05-19 16:44:35,23.9,55.0,0,0.000405,32.1,"Deep Focus",1,"Static Low (Quiet Study)"
2026-05-19 16:44:41,23.8,55.0,0,0.002415,47.7,"Deep Focus",1,"Static Low (Quiet Study)"
2026-05-19 16:44:47,23.8,55.0,1,0.012153,61.7,"Deep Focus",1,"Dynamic Low"
2026-05-19 16:44:54,23.8,55.0,0,0.011043,60.9,"Deep Focus",1,"Static Low (Quiet Study)"
2026-05-19 16:45:00,23.8,55.0,0,0.013809,62.8,"Deep Focus",1,"Static Low (Quiet Study)"
2026-05-19 16:45:06,23.9,56.0,0,0.005711,55.1,"Deep Focus",1,"Static Low (Quiet Study)"
2026-05-19 16:45:12,23.9,56.0,0,0.009460,59.5,"Deep Focus",1,"Static Low (Quiet Study)"
2026-05-19 16:45:19,23.9,56.0,1,0.007364,57.3,"Deep Focus",1,"Dynamic Low"
2026-05-19 16:45:25,23.8,56.0,1,0.005152,54.2,"Deep Focus",1,"Dynamic Low"
2026-05-19 16:45:31,23.8,56.0,0,0.012714,62.1,"Deep Focus",1,"Static Low (Quiet Study)"
2026-05-19 16:45:37,23.8,56.0,0,0.021142,66.5,"Deep Focus",1,"Static Low (Quiet Study)"
2026-05-19 16:45:43,23.8,56.0,0,0.001880,45.5,"Deep Focus",1,"Static Low (Quiet Study)"
2026-05-19 16:45:50,23.8,56.0,0,0.025541,68.1,"Deep Focus",1,"Static Low (Quiet Study)"
2026-05-19 16:45:56,23.8,56.0,0,0.021870,66.8,"Deep Focus",1,"Static Low (Quiet Study)"
2026-05-19 16:46:02,23.8,56.0,0,0.005098,54.1,"Deep Focus",1,"Static Low (Quiet Study)"
2026-05-19 16:46:08,23.8,56.0,0,0.026499,68.5,"Deep Focus",1,"Static Low (Quiet Study)"
2026-05-19 16:46:14,23.8,56.0,0,0.004270,52.6,"Deep Focus",1,"Static Low (Quiet Study)"
2026-05-19 16:46:21,23.9,56.0,1,0.008471,58.6,"Deep Focus",1,"Dynamic Low"
2026-05-19 16:46:27,23.9,56.0,1,0.018167,65.2,"Deep Focus",1,"Dynamic Low"
2026-05-19 16:46:33,23.8,56.0,0,0.001598,44.1,"Deep Focus",1,"Static Low (Quiet Study)"
2026-05-19 16:46:39,23.8,56.0,0,0.006736,56.6,"Deep Focus",1,"Static Low (Quiet Study)"
2026-05-19 16:46:45,23.9,56.0,0,0.011393,61.1,"Deep Focus",1,"Static Low (Quiet Study)"
2026-05-19 16:46:52,23.9,56.0,1,0.009839,59.9,"Deep Focus",1,"Dynamic Low"
2026-05-19 16:46:58,23.9,56.0,0,0.005927,55.5,"Deep Focus",1,"Static Low (Quiet Study)"
2026-05-19 16:47:04,23.9,56.0,0,0.000928,39.3,"Deep Focus",1,"Static Low (Quiet Study)"
2026-05-19 16:47:10,23.9,56.0,0,0.006415,56.1,"Deep Focus",1,"Static Low (Quiet Study)"
2026-05-19 16:47:16,23.9,56.0,1,0.001260,42.0,"Deep Focus",1,"Dynamic Low"
2026-05-19 16:47:23,23.9,56.0,1,0.002277,47.1,"Deep Focus",1,"Dynamic Low"
2026-05-19 16:47:29,23.9,57.0,0,0.033570,70.5,"Deep Focus",1,"Static Low (Quiet Study)"
2026-05-19 16:47:35,23.9,57.0,0,0.001510,43.6,"Deep Focus",1,"Static Low (Quiet Study)"
2026-05-19 16:47:41,23.8,57.0,0,0.000565,35.0,"Deep Focus",1,"Static Low (Quiet Study)"
2026-05-19 16:47:48,23.8,57.0,1,0.008748,58.8,"Deep Focus",1,"Dynamic Low"
2026-05-19 16:47:54,23.8,57.0,1,0.009824,59.8,"Deep Focus",1,"Dynamic Low"
2026-05-19 16:48:00,23.8,57.0,0,0.000501,34.0,"Deep Focus",1,"Static Low (Quiet Study)"
2026-05-19 16:48:06,23.9,57.0,0,0.001452,43.2,"Deep Focus",1,"Static Low (Quiet Study)"
2026-05-19 16:48:12,23.9,57.0,0,0.000851,38.6,"Deep Focus",1,"Static Low (Quiet Study)"
2026-05-19 16:48:19,23.9,57.0,1,0.006667,56.5,"Deep Focus",1,"Dynamic Low"
2026-05-19 16:48:25,23.9,57.0,0,nan,0.0,"BGM",1,"Static Low (Quiet Study)"
2026-05-19 16:48:31,23.9,57.0,0,nan,0.0,"BGM",1,"Static Low (Quiet Study)"
2026-05-19 16:48:37,23.9,57.0,0,nan,0.0,"BGM",1,"Static Low (Quiet Study)"
2026-05-19 16:48:43,23.9,57.0,1,0.015994,64.1,"BGM",1,"Dynamic Low"
2026-05-19 16:48:50,23.9,58.0,0,0.003903,51.8,"BGM",1,"Static Low (Quiet Study)"
2026-05-19 16:48:56,23.9,58.0,0,nan,0.0,"BGM",1,"Static Low (Quiet Study)"
2026-05-19 16:49:02,23.9,58.0,0,0.004357,52.8,"BGM",1,"Static Low (Quiet Study)"
2026-05-19 16:49:08,23.9,58.0,1,0.002108,46.5,"BGM",1,"Dynamic Low"
2026-05-19 16:49:14,23.9,58.0,0,0.019344,65.7,"BGM",1,"Static Low (Quiet Study)"
2026-05-19 16:49:21,23.9,58.0,0,0.020555,66.3,"BGM",1,"Static Low (Quiet Study)"
2026-05-19 16:49:27,23.9,58.0,0,0.007738,57.8,"BGM",1,"Static Low (Quiet Study)"
2026-05-19 16:49:33,23.9,57.0,0,0.018568,65.4,"BGM",1,"Static Low (Quiet Study)"
2026-05-19 16:49:39,23.9,57.0,1,0.003921,51.9,"BGM",1,"Dynamic Low"
2026-05-19 16:49:45,23.9,57.0,0,0.017531,64.9,"BGM",1,"Static Low (Quiet Study)"
2026-05-19 16:49:52,24.0,57.0,0,0.001303,42.3,"BGM",1,"Static Low (Quiet Study)"
2026-05-19 16:49:58,23.9,57.0,0,0.000981,39.8,"Deep Focus",1,"Static Low (Quiet Study)"
2026-05-19 16:50:04,24.0,57.0,1,0.000578,35.2,"Deep Focus",1,"Dynamic Low"
2026-05-19 16:50:10,24.0,57.0,1,0.003376,50.6,"Deep Focus",1,"Dynamic Low"
2026-05-19 16:50:17,24.0,58.0,0,0.000596,35.5,"Deep Focus",1,"Static Low (Quiet Study)"
2026-05-19 16:50:23,24.0,58.0,0,0.003763,51.5,"Deep Focus",1,"Static Low (Quiet Study)"
2026-05-19 16:50:29,24.0,58.0,1,0.000396,31.9,"Deep Focus",1,"Dynamic Low"
2026-05-19 16:50:35,24.0,58.0,1,nan,0.0,"BGM",1,"Dynamic Low"
2026-05-19 16:50:41,24.0,58.0,0,0.010120,60.1,"BGM",1,"Static Low (Quiet Study)"
2026-05-19 16:50:48,24.0,58.0,0,0.003740,51.5,"BGM",1,"Static Low (Quiet Study)"
2026-05-19 16:50:54,24.0,58.0,1,0.039372,71.9,"BGM",1,"Dynamic Low"
2026-05-19 16:51:00,24.0,58.0,1,nan,0.0,"BGM",1,"Dynamic Low"
2026-05-19 16:51:06,24.0,58.0,0,0.005697,55.1,"BGM",1,"Static Low (Quiet Study)"
2026-05-19 16:51:12,23.9,57.0,0,0.011837,61.5,"BGM",1,"Static Low (Quiet Study)"
2026-05-19 16:51:19,24.0,57.0,1,0.009429,59.5,"BGM",1,"Dynamic Low"
2026-05-19 16:51:25,24.0,57.0,0,0.029419,69.4,"BGM",1,"Static Low (Quiet Study)"
2026-05-19 16:51:31,24.0,57.0,1,nan,0.0,"BGM",1,"Dynamic Low"
2026-05-19 16:51:37,24.0,57.0,1,0.002552,48.1,"BGM",1,"Dynamic Low"
2026-05-19 16:51:43,24.0,57.0,0,0.000997,40.0,"BGM",1,"Static Low (Quiet Study)"
2026-05-19 16:51:50,23.9,56.0,0,0.002439,47.7,"BGM",1,"Static Low (Quiet Study)"
2026-05-19 16:51:56,23.9,56.0,0,0.003094,49.8,"BGM",1,"Static Low (Quiet Study)"
2026-05-19 16:52:02,23.9,56.0,1,0.000459,33.2,"BGM",1,"Dynamic Low"
2026-05-19 16:52:08,23.9,56.0,1,0.000471,33.5,"BGM",1,"Dynamic Low"
2026-05-19 16:52:14,23.9,55.0,0,0.000952,39.6,"BGM",1,"Static Low (Quiet Study)"
2026-05-19 16:52:21,23.9,55.0,0,0.016538,64.4,"BGM",1,"Static Low (Quiet Study)"
2026-05-19 16:52:27,23.9,55.0,0,0.001676,44.5,"BGM",1,"Static Low (Quiet Study)"
2026-05-19 16:52:33,23.9,55.0,1,0.015231,63.7,"Deep Focus",1,"Dynamic Low"
2026-05-19 16:52:39,23.8,55.0,1,0.000896,39.1,"Deep Focus",1,"Dynamic Low"
2026-05-19 16:52:46,23.8,55.0,0,0.000781,37.8,"Deep Focus",1,"Static Low (Quiet Study)"
2026-05-19 16:52:52,23.8,54.0,0,0.007231,57.2,"Deep Focus",1,"Static Low (Quiet Study)"
2026-05-19 16:52:58,23.8,54.0,1,0.010861,60.7,"Deep Focus",1,"Dynamic Low"
2026-05-19 16:53:04,23.8,54.0,0,0.020380,66.2,"Deep Focus",1,"Static Low (Quiet Study)"
2026-05-19 16:53:10,23.8,54.0,0,0.000496,33.9,"Deep Focus",1,"Static Low (Quiet Study)"
2026-05-19 16:53:17,23.8,54.0,0,0.006166,55.8,"Deep Focus",1,"Static Low (Quiet Study)"
2026-05-19 16:53:23,23.6,55.0,1,0.003377,50.6,"Deep Focus",1,"Dynamic Low"
2026-05-19 16:53:29,23.5,54.0,1,0.000878,38.9,"Deep Focus",1,"Dynamic Low"
2026-05-19 16:53:35,23.5,54.0,0,0.008596,58.7,"Deep Focus",1,"Static Low (Quiet Study)"
2026-05-19 16:53:41,23.5,54.0,0,0.000574,35.2,"Deep Focus",1,"Static Low (Quiet Study)"
2026-05-19 16:53:48,23.4,54.0,0,0.012668,62.1,"Deep Focus",1,"Static Low (Quiet Study)"
2026-05-19 16:53:54,23.4,54.0,1,0.018915,65.5,"Deep Focus",1,"Dynamic Low"
2026-05-19 16:54:00,23.4,54.0,0,0.018248,65.2,"Deep Focus",1,"Static Low (Quiet Study)"
2026-05-19 16:54:06,23.3,55.0,0,0.000849,38.6,"Deep Focus",1,"Static Low (Quiet Study)"
2026-05-19 16:54:12,23.3,55.0,1,0.009052,59.1,"Deep Focus",1,"Dynamic Low"
2026-05-19 16:54:19,23.3,55.0,1,0.000962,39.7,"Deep Focus",1,"Dynamic Low"
2026-05-19 16:54:25,23.3,55.0,0,0.000866,38.8,"Deep Focus",1,"Static Low (Quiet Study)"
2026-05-19 16:54:31,23.3,55.0,0,0.013164,62.4,"Deep Focus",1,"Static Low (Quiet Study)"
2026-05-19 16:54:37,23.2,54.0,0,0.004267,52.6,"Deep Focus",1,"Static Low (Quiet Study)"
2026-05-19 16:54:43,23.1,54.0,1,0.003001,49.5,"Deep Focus",1,"Dynamic Low"
2026-05-19 16:54:50,23.1,54.0,1,0.000665,36.5,"Deep Focus",1,"Dynamic Low"
2026-05-19 16:54:56,23.0,54.0,0,0.000440,32.9,"Deep Focus",1,"Static Low (Quiet Study)"
2026-05-19 16:55:02,23.0,54.0,0,0.002691,48.6,"Deep Focus",1,"Static Low (Quiet Study)"
2026-05-19 16:55:08,23.0,54.0,1,0.005641,55.0,"Deep Focus",1,"Dynamic Low"
2026-05-19 16:55:14,23.0,54.0,1,0.002608,48.3,"Deep Focus",1,"Dynamic Low"
2026-05-19 16:55:21,22.8,55.0,0,0.011700,61.4,"Deep Focus",1,"Static Low (Quiet Study)"
2026-05-19 16:55:27,22.7,55.0,0,0.001569,43.9,"Deep Focus",1,"Static Low (Quiet Study)"
2026-05-19 16:55:33,22.7,55.0,0,0.031020,69.8,"Deep Focus",1,"Static Low (Quiet Study)"
2026-05-19 16:55:39,22.6,55.0,1,0.013047,62.3,"Deep Focus",1,"Dynamic Low"
2026-05-19 16:55:46,22.5,55.0,0,0.006869,56.7,"Deep Focus",1,"Static Low (Quiet Study)"
2026-05-19 16:55:52,22.5,55.0,0,0.001139,41.1,"Deep Focus",1,"Static Low (Quiet Study)"
2026-05-19 16:55:58,22.4,55.0,0,0.000622,35.9,"Deep Focus",1,"Static Low (Quiet Study)"
2026-05-19 16:56:04,22.4,56.0,1,0.004074,52.2,"Deep Focus",1,"Dynamic Low"
2026-05-19 16:56:10,22.4,56.0,1,0.001195,41.5,"Deep Focus",1,"Dynamic Low"
2026-05-19 16:56:17,22.3,56.0,0,0.007828,57.9,"Deep Focus",1,"Static Low (Quiet Study)"
2026-05-19 16:56:23,22.3,56.0,0,0.008556,58.6,"Deep Focus",1,"Static Low (Quiet Study)"
2026-05-19 16:56:29,22.2,56.0,0,0.025128,68.0,"Deep Focus",1,"Static Low (Quiet Study)"
2026-05-19 16:56:35,22.2,56.0,1,0.006068,55.7,"Deep Focus",1,"Dynamic Low"
2026-05-19 16:56:41,22.2,56.0,0,0.016017,64.1,"Deep Focus",1,"Static Low (Quiet Study)"
2026-05-19 16:56:48,22.2,56.0,0,0.003692,51.3,"Deep Focus",1,"Static Low (Quiet Study)"
2026-05-19 16:56:54,22.2,57.0,0,0.000371,31.4,"Deep Focus",1,"Static Low (Quiet Study)"
2026-05-19 16:57:00,22.2,56.0,1,0.005572,54.9,"Deep Focus",1,"Dynamic Low"
2026-05-19 16:57:06,22.2,56.0,0,0.001623,44.2,"Deep Focus",1,"Static Low (Quiet Study)"
2026-05-19 16:57:12,22.2,56.0,0,0.019189,65.7,"Deep Focus",1,"Static Low (Quiet Study)"
2026-05-19 16:57:19,22.2,56.0,1,0.033449,70.5,"Deep Focus",1,"Dynamic Low"
2026-05-19 16:57:25,22.2,56.0,1,nan,0.0,"BGM",1,"Dynamic Low"
2026-05-19 16:57:31,22.2,56.0,0,nan,0.0,"BGM",1,"Static Low (Quiet Study)"
2026-05-19 16:57:37,22.2,56.0,0,0.019251,65.7,"BGM",1,"Static Low (Quiet Study)"
2026-05-19 16:57:43,22.2,56.0,0,0.035518,71.0,"BGM",1,"Static Low (Quiet Study)"
2026-05-19 16:57:50,22.2,56.0,1,0.034504,70.8,"BGM",1,"Dynamic Low"
2026-05-19 16:57:56,22.2,56.0,0,0.013443,62.6,"BGM",1,"Static Low (Quiet Study)"
2026-05-19 16:58:02,22.1,56.0,0,0.001907,45.6,"BGM",1,"Static Low (Quiet Study)"
2026-05-19 16:58:08,22.1,56.0,0,0.040676,72.2,"BGM",1,"Static Low (Quiet Study)"
2026-05-19 16:58:15,22.1,57.0,1,0.014681,63.3,"BGM",1,"Dynamic Low"
2026-05-19 16:58:21,22.1,57.0,0,0.017281,64.8,"BGM",1,"Static Low (Quiet Study)"
2026-05-19 16:58:27,22.1,57.0,0,0.011852,61.5,"BGM",1,"Static Low (Quiet Study)"
2026-05-19 16:58:33,22.1,57.0,0,0.006600,56.4,"Deep Focus",1,"Static Low (Quiet Study)"
2026-05-19 16:58:39,22.1,57.0,1,0.002894,49.2,"Deep Focus",1,"Dynamic Low"
2026-05-19 16:58:46,22.1,57.0,1,0.000863,38.7,"Deep Focus",1,"Dynamic Low"
2026-05-19 16:58:52,22.1,57.0,0,0.000829,38.4,"Deep Focus",1,"Static Low (Quiet Study)"
2026-05-19 16:58:58,22.1,57.0,0,nan,0.0,"BGM",1,"Static Low (Quiet Study)"
2026-05-19 16:59:04,22.1,57.0,0,0.002233,47.0,"BGM",1,"Static Low (Quiet Study)"
2026-05-19 16:59:10,22.1,57.0,0,0.007628,57.6,"BGM",1,"Static Low (Quiet Study)"
2026-05-19 16:59:17,22.1,57.0,1,0.011852,61.5,"BGM",1,"Dynamic Low"
2026-05-19 16:59:23,22.2,57.0,0,0.005774,55.2,"BGM",1,"Static Low (Quiet Study)"
2026-05-19 16:59:29,22.2,57.0,0,0.001531,43.7,"BGM",1,"Static Low (Quiet Study)"
2026-05-19 16:59:35,22.2,57.0,0,0.006155,55.8,"BGM",1,"Static Low (Quiet Study)"
2026-05-19 16:59:41,22.2,57.0,1,0.001203,41.6,"BGM",1,"Dynamic Low"
2026-05-19 16:59:48,22.3,58.0,0,0.000464,33.3,"BGM",1,"Static Low (Quiet Study)"
2026-05-19 16:59:54,22.3,58.0,0,0.000857,38.7,"BGM",1,"Static Low (Quiet Study)"
2026-05-19 17:00:00,22.3,58.0,0,0.001357,42.7,"Deep Focus",1,"Static Low (Quiet Study)"
2026-05-19 17:00:06,22.3,58.0,0,0.000444,33.0,"Deep Focus",1,"Static Low (Quiet Study)"
2026-05-19 17:00:12,22.4,58.0,0,0.001821,45.2,"Deep Focus",1,"Static Low (Quiet Study)"
2026-05-19 17:00:19,22.4,58.0,0,0.001333,42.5,"Deep Focus",1,"Static Low (Quiet Study)"
2026-05-19 17:00:25,22.4,58.0,1,0.001061,40.5,"Deep Focus",1,"Dynamic Low"
2026-05-19 17:00:31,22.4,58.0,0,0.002207,46.9,"Deep Focus",1,"Static Low (Quiet Study)"
2026-05-19 17:00:37,22.5,59.0,0,0.000788,37.9,"Deep Focus",1,"Static Low (Quiet Study)"
2026-05-19 17:00:44,22.5,58.0,0,0.000584,35.3,"Deep Focus",1,"Static Low (Quiet Study)"
2026-05-19 17:00:50,22.5,58.0,0,0.000556,34.9,"Deep Focus",1,"Static Low (Quiet Study)"
2026-05-19 17:00:56,22.6,58.0,1,0.001106,40.9,"Deep Focus",1,"Dynamic Low"
2026-05-19 17:01:02,22.6,58.0,1,0.007137,57.1,"Deep Focus",1,"Dynamic Low"
2026-05-19 17:01:08,22.6,57.0,0,0.003259,50.3,"Deep Focus",1,"Static Low (Quiet Study)"
2026-05-19 17:01:15,22.6,57.0,0,0.000381,31.6,"Deep Focus",1,"Static Low (Quiet Study)"
2026-05-19 17:01:21,22.7,57.0,1,0.001846,45.3,"Deep Focus",1,"Dynamic Low"
2026-05-19 17:01:27,22.7,57.0,0,0.003210,50.1,"Deep Focus",1,"Static Low (Quiet Study)"
2026-05-19 17:01:33,22.7,57.0,1,0.013807,62.8,"Deep Focus",1,"Dynamic Low"
2026-05-19 17:01:39,22.7,57.0,0,0.003867,51.7,"Deep Focus",1,"Static Low (Quiet Study)"
2026-05-19 17:01:46,22.8,57.0,0,0.002765,48.8,"Deep Focus",1,"Static Low (Quiet Study)"
2026-05-19 17:01:52,22.8,57.0,0,0.002772,48.9,"Deep Focus",1,"Static Low (Quiet Study)"
2026-05-19 17:01:58,22.9,57.0,1,0.003143,49.9,"Deep Focus",1,"Dynamic Low"
2026-05-19 17:02:04,22.9,57.0,0,0.001492,43.5,"Deep Focus",1,"Static Low (Quiet Study)"
2026-05-19 17:02:10,22.9,57.0,0,0.000809,38.2,"Deep Focus",1,"Static Low (Quiet Study)"
2026-05-19 17:02:17,22.9,57.0,1,0.001065,40.5,"Deep Focus",1,"Dynamic Low"
2026-05-19 17:02:23,22.9,58.0,0,0.000390,31.8,"Deep Focus",1,"Static Low (Quiet Study)"
2026-05-19 17:02:29,22.9,57.0,0,0.016658,64.4,"Deep Focus",1,"Static Low (Quiet Study)"
2026-05-19 17:02:35,22.9,57.0,0,0.000494,33.9,"Deep Focus",1,"Static Low (Quiet Study)"
2026-05-19 17:02:41,23.0,57.0,1,0.017195,64.7,"Deep Focus",1,"Dynamic Low"
2026-05-19 17:02:48,23.0,57.0,1,0.020573,66.3,"Deep Focus",1,"Dynamic Low"
2026-05-19 17:02:54,23.0,57.0,0,0.005119,54.2,"Deep Focus",1,"Static Low (Quiet Study)"
2026-05-19 17:03:00,23.0,57.0,0,0.009386,59.4,"Deep Focus",1,"Static Low (Quiet Study)"
2026-05-19 17:03:06,23.0,57.0,0,0.007044,57.0,"Deep Focus",1,"Static Low (Quiet Study)"
2026-05-19 17:03:13,23.1,57.0,1,0.001725,44.7,"Deep Focus",1,"Dynamic Low"
2026-05-19 17:03:19,23.1,57.0,0,0.004312,52.7,"Deep Focus",1,"Static Low (Quiet Study)"
2026-05-19 17:03:25,23.1,57.0,0,0.000958,39.6,"Deep Focus",1,"Static Low (Quiet Study)"
2026-05-19 17:03:31,23.2,58.0,0,0.000318,30.1,"Deep Focus",1,"Static Low (Quiet Study)"
2026-05-19 17:03:37,23.2,58.0,1,0.001608,44.1,"Deep Focus",1,"Dynamic Low"
2026-05-19 17:03:44,23.2,58.0,1,0.002072,46.3,"Deep Focus",1,"Dynamic Low"
2026-05-19 17:03:50,23.2,58.0,0,0.000250,28.0,"Deep Focus",1,"Static Low (Quiet Study)"
2026-05-19 17:03:56,23.2,58.0,0,0.000717,37.1,"Deep Focus",1,"Static Low (Quiet Study)"
2026-05-19 17:04:02,23.2,58.0,1,0.000485,33.7,"Deep Focus",1,"Dynamic Low"
2026-05-19 17:04:08,23.3,58.0,0,0.000260,28.3,"Deep Focus",1,"Static Low (Quiet Study)"
2026-05-19 17:04:15,23.3,58.0,0,0.000330,30.4,"Deep Focus",1,"Static Low (Quiet Study)"
2026-05-19 17:04:21,23.3,57.0,0,0.000317,30.0,"Deep Focus",1,"Static Low (Quiet Study)"
2026-05-19 17:04:27,23.3,57.0,0,0.000283,29.0,"Deep Focus",1,"Static Low (Quiet Study)"
2026-05-19 17:04:33,23.3,57.0,0,0.000289,29.2,"Deep Focus",1,"Static Low (Quiet Study)"
2026-05-19 17:04:39,23.3,57.0,0,0.000257,28.2,"Deep Focus",1,"Static Low (Quiet Study)"
2026-05-19 17:04:46,23.3,57.0,0,0.000221,26.9,"Deep Focus",1,"Static Low (Quiet Study)"
2026-05-19 17:04:52,23.3,58.0,0,0.000219,26.8,"Deep Focus",1,"Static Low (Quiet Study)"
2026-05-19 17:04:58,23.3,58.0,0,0.000236,27.5,"Deep Focus",1,"Static Low (Quiet Study)"
2026-05-19 17:05:04,23.3,58.0,0,0.000208,26.4,"Deep Focus",1,"Static Low (Quiet Study)"
2026-05-19 17:05:10,23.3,58.0,0,0.000240,27.6,"Deep Focus",1,"Static Low (Quiet Study)"
2026-05-19 17:05:17,23.3,58.0,0,0.000235,27.4,"Deep Focus",1,"Static Low (Quiet Study)"
2026-05-19 17:05:23,23.3,58.0,0,0.000306,29.7,"Deep Focus",1,"Static Low (Quiet Study)"
2026-05-19 17:05:29,23.4,59.0,0,0.000280,28.9,"Deep Focus",1,"Static Low (Quiet Study)"
2026-05-19 17:05:35,23.4,59.0,0,0.000222,26.9,"Deep Focus",1,"Static Low (Quiet Study)"
2026-05-19 17:05:42,23.4,59.0,0,0.000277,28.8,"Deep Focus",1,"Static Low (Quiet Study)"
2026-05-19 17:05:48,23.4,59.0,0,0.000214,26.6,"Deep Focus",1,"Static Low (Quiet Study)"
2026-05-19 17:05:54,23.4,59.0,0,0.000235,27.4,"Deep Focus",1,"Static Low (Quiet Study)"
2026-05-19 17:06:00,23.4,59.0,0,0.000453,33.1,"Deep Focus",1,"Static Low (Quiet Study)"
2026-05-19 17:06:06,23.4,59.0,0,0.000224,27.0,"Deep Focus",1,"Static Low (Quiet Study)"
2026-05-19 17:06:13,23.4,59.0,0,0.000231,27.3,"Deep Focus",1,"Static Low (Quiet Study)"
2026-05-19 17:06:19,23.4,59.0,0,0.000303,29.6,"Deep Focus",1,"Static Low (Quiet Study)"
2026-05-19 17:06:25,23.3,59.0,0,0.000289,29.2,"Deep Focus",1,"Static Low (Quiet Study)"
2026-05-19 17:06:31,23.3,59.0,0,0.000187,25.4,"Deep Focus",1,"Static Low (Quiet Study)"
2026-05-19 17:06:37,23.3,59.0,0,0.000238,27.5,"Deep Focus",1,"Static Low (Quiet Study)"
2026-05-19 17:06:44,23.3,59.0,0,0.000265,28.5,"Deep Focus",1,"Static Low (Quiet Study)"
2026-05-19 17:06:50,23.3,59.0,0,0.000291,29.3,"Deep Focus",1,"Static Low (Quiet Study)"
2026-05-19 17:06:56,23.3,59.0,0,0.000286,29.1,"Deep Focus",1,"Static Low (Quiet Study)"
2026-05-19 17:07:02,23.3,60.0,0,0.000248,27.9,"Deep Focus",1,"Static Low (Quiet Study)"
2026-05-19 17:07:08,23.3,59.0,0,0.000252,28.0,"Deep Focus",1,"Static Low (Quiet Study)"
2026-05-19 17:07:15,23.3,60.0,0,0.000251,28.0,"Deep Focus",1,"Static Low (Quiet Study)"
2026-05-19 17:07:21,23.3,60.0,0,0.000213,26.6,"Deep Focus",1,"Static Low (Quiet Study)"
2026-05-19 17:07:27,23.3,60.0,0,0.000180,25.1,"Deep Focus",1,"Static Low (Quiet Study)"
2026-05-19 17:07:33,23.3,60.0,0,0.000211,26.5,"Deep Focus",1,"Static Low (Quiet Study)"
2026-05-19 17:07:39,23.3,60.0,0,0.000271,28.6,"Deep Focus",1,"Static Low (Quiet Study)"
2026-05-19 17:07:46,23.3,60.0,0,0.000274,28.7,"Deep Focus",1,"Static Low (Quiet Study)"
2026-05-19 17:07:52,23.3,60.0,0,0.000248,27.9,"Deep Focus",1,"Static Low (Quiet Study)"
2026-05-19 17:07:58,23.3,60.0,0,0.000195,25.8,"Deep Focus",1,"Static Low (Quiet Study)"
2026-05-19 17:08:04,23.3,60.0,0,0.000259,28.3,"Deep Focus",1,"Static Low (Quiet Study)"
2026-05-19 17:08:11,23.3,60.0,0,0.000300,29.6,"Deep Focus",1,"Static Low (Quiet Study)"
2026-05-19 17:08:17,23.3,60.0,0,0.000272,28.7,"Deep Focus",1,"Static Low (Quiet Study)"
2026-05-19 17:08:23,23.3,60.0,0,0.000236,27.5,"Deep Focus",1,"Static Low (Quiet Study)"
2026-05-19 17:08:29,23.3,60.0,0,0.000311,29.9,"Deep Focus",1,"Static Low (Quiet Study)"
2026-05-19 17:08:35,23.3,60.0,0,0.000208,26.3,"Deep Focus",1,"Static Low (Quiet Study)"
2026-05-19 17:08:42,23.3,60.0,0,0.000280,28.9,"Deep Focus",1,"Static Low (Quiet Study)"
2026-05-19 17:08:48,23.3,60.0,0,0.000277,28.8,"Deep Focus",1,"Static Low (Quiet Study)"
2026-05-19 17:08:54,23.3,60.0,0,0.000248,27.9,"Deep Focus",1,"Static Low (Quiet Study)"
2026-05-19 17:09:00,23.3,60.0,0,0.000206,26.3,"Deep Focus",1,"Static Low (Quiet Study)"
2026-05-19 17:09:06,23.3,60.0,0,0.000232,27.3,"Deep Focus",1,"Static Low (Quiet Study)"
2026-05-19 17:09:13,23.3,60.0,0,0.000261,28.3,"Deep Focus",1,"Static Low (Quiet Study)"
2026-05-19 17:09:19,23.3,60.0,0,0.000230,27.2,"Deep Focus",1,"Static Low (Quiet Study)"
2026-05-19 17:09:25,23.3,60.0,0,0.000252,28.0,"Deep Focus",1,"Static Low (Quiet Study)"
2026-05-19 17:09:31,23.3,60.0,0,0.000251,28.0,"Deep Focus",1,"Static Low (Quiet Study)"
2026-05-19 17:09:37,23.3,60.0,0,0.000235,27.4,"Deep Focus",1,"Static Low (Quiet Study)"
2026-05-19 17:09:44,23.3,60.0,0,0.000251,28.0,"Deep Focus",1,"Static Low (Quiet Study)"
2026-05-19 17:09:50,23.3,61.0,0,0.000231,27.3,"Deep Focus",1,"Static Low (Quiet Study)"
2026-05-19 17:09:56,23.3,61.0,0,0.000274,28.7,"Deep Focus",1,"Static Low (Quiet Study)"
2026-05-19 17:10:02,23.3,60.0,0,0.000234,27.4,"Deep Focus",1,"Static Low (Quiet Study)"
2026-05-19 17:10:08,23.3,61.0,0,0.000187,25.4,"Deep Focus",1,"Static Low (Quiet Study)"
2026-05-19 17:10:15,23.4,61.0,0,0.000239,27.6,"Deep Focus",1,"Static Low (Quiet Study)"
2026-05-19 17:10:21,23.4,61.0,0,0.000255,28.1,"Deep Focus",1,"Static Low (Quiet Study)"
2026-05-19 17:10:27,23.3,61.0,0,0.000260,28.3,"Deep Focus",1,"Static Low (Quiet Study)"
2026-05-19 17:10:33,23.3,61.0,0,0.000286,29.1,"Deep Focus",1,"Static Low (Quiet Study)"
2026-05-19 17:10:40,23.3,61.0,0,0.000271,28.7,"Deep Focus",1,"Static Low (Quiet Study)"
2026-05-19 17:10:46,23.4,61.0,0,0.000253,28.1,"Deep Focus",1,"Static Low (Quiet Study)"
2026-05-19 17:10:52,23.4,61.0,0,0.000256,28.2,"Deep Focus",1,"Static Low (Quiet Study)"
2026-05-19 17:10:58,23.4,61.0,0,0.000188,25.5,"Deep Focus",1,"Static Low (Quiet Study)"
2026-05-19 17:11:04,23.4,61.0,0,0.000238,27.5,"Deep Focus",1,"Static Low (Quiet Study)"
2026-05-19 17:11:11,23.3,61.0,0,0.000241,27.7,"Deep Focus",1,"Static Low (Quiet Study)"
2026-05-19 17:11:17,23.3,61.0,0,0.000238,27.5,"Deep Focus",1,"Static Low (Quiet Study)"
2026-05-19 17:11:23,23.4,61.0,0,0.000270,28.6,"Deep Focus",1,"Static Low (Quiet Study)"
2026-05-19 17:11:29,23.3,61.0,0,0.000223,27.0,"Deep Focus",1,"Static Low (Quiet Study)"
2026-05-19 17:11:35,23.4,61.0,0,0.000237,27.5,"Deep Focus",1,"Static Low (Quiet Study)"
2026-05-19 17:11:42,23.3,61.0,0,0.000214,26.6,"Deep Focus",1,"Static Low (Quiet Study)"
2026-05-19 17:11:48,23.3,61.0,0,0.000221,26.9,"Deep Focus",1,"Static Low (Quiet Study)"
2026-05-19 17:11:54,23.3,61.0,0,0.000245,27.8,"Deep Focus",1,"Static Low (Quiet Study)"
2026-05-19 17:12:00,23.3,61.0,0,0.000291,29.3,"Deep Focus",1,"Static Low (Quiet Study)"
2026-05-19 17:12:06,23.3,61.0,0,0.000269,28.6,"Deep Focus",1,"Static Low (Quiet Study)"
2026-05-19 17:12:13,23.4,61.0,0,0.002444,47.8,"Deep Focus",1,"Static Low (Quiet Study)"
2026-05-19 17:12:19,23.4,61.0,0,0.014042,62.9,"Deep Focus",1,"Static Low (Quiet Study)"
2026-05-19 17:12:25,23.4,61.0,0,0.002550,48.1,"Deep Focus",1,"Static Low (Quiet Study)"
2026-05-19 17:12:31,23.4,61.0,0,0.000954,39.6,"Deep Focus",1,"Static Low (Quiet Study)"
2026-05-19 17:12:37,23.4,61.0,1,0.000836,38.4,"Deep Focus",1,"Dynamic Low"
2026-05-19 17:12:44,23.4,61.0,1,0.004722,53.5,"Deep Focus",0,"Dynamic Low"
2026-05-19 17:12:50,23.4,61.0,0,0.000345,30.7,"Deep Focus",1,"Static Low (Quiet Study)"
2026-05-19 17:12:56,23.4,61.0,0,0.003466,50.8,"Deep Focus",1,"Static Low (Quiet Study)"
2026-05-19 17:13:02,23.4,61.0,0,0.004560,53.2,"Deep Focus",1,"Static Low (Quiet Study)"
2026-05-19 17:13:09,23.4,61.0,1,0.000680,36.6,"Deep Focus",1,"Dynamic Low"
2026-05-19 17:13:15,23.4,61.0,0,0.000783,37.9,"Deep Focus",1,"Static Low (Quiet Study)"
2026-05-19 17:13:21,23.4,61.0,1,0.004140,52.3,"Deep Focus",1,"Dynamic Low"
2026-05-19 17:13:27,23.4,61.0,0,0.000861,38.7,"Deep Focus",1,"Static Low (Quiet Study)"
2026-05-19 17:13:33,23.4,61.0,0,0.001202,41.6,"Deep Focus",1,"Static Low (Quiet Study)"
2026-05-19 17:13:40,23.4,61.0,0,0.003033,49.6,"Deep Focus",1,"Static Low (Quiet Study)"
2026-05-19 17:13:46,23.5,61.0,0,0.001034,40.3,"Deep Focus",1,"Static Low (Quiet Study)"
2026-05-19 17:13:52,23.5,61.0,0,0.000766,37.7,"Deep Focus",1,"Static Low (Quiet Study)"
2026-05-19 17:13:58,23.5,61.0,1,0.002426,47.7,"Deep Focus",1,"Dynamic Low"
2026-05-19 17:14:04,23.5,61.0,1,0.000706,37.0,"Deep Focus",1,"Dynamic Low"
2026-05-19 17:14:11,23.5,61.0,0,0.001325,42.4,"Deep Focus",1,"Static Low (Quiet Study)"
2026-05-19 17:14:17,23.5,61.0,0,0.019558,65.8,"Deep Focus",1,"Static Low (Quiet Study)"
2026-05-19 17:14:23,23.5,61.0,1,0.000905,39.1,"Deep Focus",1,"Dynamic Low"
2026-05-19 17:14:29,23.5,61.0,1,0.003515,50.9,"Deep Focus",1,"Dynamic Low"
2026-05-19 17:14:35,23.5,61.0,0,0.000221,26.9,"Deep Focus",1,"Static Low (Quiet Study)"
2026-05-19 17:14:42,23.5,61.0,0,0.000382,31.6,"Deep Focus",1,"Static Low (Quiet Study)"
2026-05-19 17:14:48,23.5,61.0,0,0.003091,49.8,"Deep Focus",1,"Static Low (Quiet Study)"
2026-05-19 17:14:54,23.6,61.0,1,0.000753,37.5,"Deep Focus",1,"Dynamic Low"
2026-05-19 17:15:00,23.6,61.0,1,0.003026,49.6,"Deep Focus",1,"Dynamic Low"
2026-05-19 17:15:06,23.6,61.0,0,0.001690,44.6,"Deep Focus",1,"Static Low (Quiet Study)"
2026-05-19 17:15:13,23.6,61.0,0,0.007000,56.9,"Deep Focus",1,"Static Low (Quiet Study)"
